vehicl;equip,60
vehicl;owner's manu,31
selected optional equip;vehicl,27
owner's manu;manual,19
vehicl;manual,14
accid;vehicl,10
vehicl;glance button,10
vehicl;button,8
vehicl;door,7
seat;backrest,6
child restraint fixing system;front passenger seat,6
child restraint fixing system;belt,5
switch;vehicl,5
head restraint;button,5
seat;head,5
airbag;front passenger seat,5
safety belt;seat,4
road us;accid,4
seat;head restraint,4
vehicl;safety belt,4
backrest;child seat,4
accid;head restraint,4
airbag;head,3
child restraint fixing system;accid,3
user's author;equip,3
belt;accid,3
vehicl;selected optional equip,3
belt;latch plat,3
door;button,3
child restraint fixing system;airbag,3
backrest;child restraint fixing system,2
head restraint;backrest,2
vehicl;integrated owner's manu,2
belt;rear seat,2
child restraint fixing system;backrest,2
child restraint fixing system;tether strap,2
seat;button,2
front passenger seat;backrest,2
child restraint fixing system;backrest width,2
backrest;headrest height,2
front passenger seat;front passenger airbag,2
hand-held transmitter button;interior rearview mirror button,2
accid;correctly adjusted head restraint,2
child restraint fixing system;front passenger airbag,2
switch;window,2
"front, knee and side airbag;front passenger seat",2
window;door,2
passenger seat;belt,2
head restraint;upper retaining strap,2
airbag;child seat,2
vehicle respons;towing vehicl,2
door;vehicl,2
accid;all occupied seat,2
vehicl;door lock,2
vehicl;special equip,2
door;window,2
head;button,2
"child restraint fixing system;front, knee and side airbag",2
rocker switch;vehicl,2
child seat;front passenger airbag,2
belt lock;center safety belt,2
equipment vers;button,2
head restraint;all occupied seat,2
front passenger seat;backrest width,2
seat;belt,2
child seat;rear seat backrest,2
