button,124
equipment,69
manual,33
switch,30
vehicle equipment,30
seats,24
seat,24
door,23
doors,21
child restraint fixing system,21
windows,21
buttons,19
start/stop button,18
airbags,18
head restraint,16
backrest,16
head-up,15
safety belts,14
vehicle battery,13
safety belt,12
manual transmission,11
vehicle status,11
head restraints,10
glance button,10
passenger seat,10
head-up display,9
belt,9
press button,9
window,9
garage door opener,8
memory buttons,8
power windows,8
passenger airbags,8
rocker switch,7
vehicle tool kit,7
strap,7
window defroster,6
locking,6
backrests,6
door lock,5
equipment version,5
control button,5
child restraint fixing systems,5
child seat,5
vehicle speed,5
door handle,5
safety button,4
airbag,4
airbag system,4
stop button,4
vehicle shipment,4
side airbags,4
belt buckle,4
locking system,4
backrest tilt,4
switches,4
vehicle interior,4
backrest width,4
safety switch,3
lock,3
head airbag,3
latch plate,3
side windows,3
computer button,3
retaining strap,3
mounts,3
side airbag,3
seating position,3
hook,2
motor vehicle safety,2
center safety belt,2
transmitter button,2
belt lock,2
mirror changeover switch,2
left button,2
vehicle components,2
headrest height,2
vehicle response,2
glance buttons,2
hooks,2
head,2
passenger airbag,2
manuals,2
latch anchors,2
mirror button,2
re-press button,2
right button,2
vehicle symbol,2
remote control button,2
straps,2
belt webbing,2
unlock button,2
vehicle stationary,2
window fogging,2
vehicle safety,1
vehicle parts,1
rubber mount,1
manual mode,1
mounting point,1
vehicle identification number,1
display user list,1
function button,1
clothes hooks,1
garage door drives,1
start/ stop button,1
passenger door,1
door pillar,1
child seats,1
vehicle storage,1
red button,1
airbag restraint system,1
vehicle inclination,1
vehicle data,1
press buttons,1
vehicle tow,1
latch,1
back button,1
vehicle control,1
safety belt reminder,1
vehicle dynamics,1
vehicle detection,1
heads,1
manual transmission selector lever,1
window condensation,1
vehicle motion,1
shoulder belt,1
airbag cover panels,1
locks,1
knee airbag,1
belt straps,1
passenger safety belt,1
vehicle conditions,1
window washer concentrates,1
vehicle electronics,1
cruise control rocker switch,1
ratchet straps,1
safety belt buckles,1
window safety switch,1
display switches,1
mirror buttons,1
steering wheel buttons,1
strap guide,1
button assignments,1
head airbags,1
harnesses,1
vehicle placard,1
vehicle paint,1
vehicle handling,1
volume button,1
vehicle seat,1
garage door,1
vehicles placard,1
vehicle load,1
center head restraint,1
vehicle jack,1
vehicle alarm system,1
vehicle lights,1
vehicle rear,1
nylon straps,1
vehicle damage,1
tether,1
loading,1
latch child restraint fixing system,1
belt guide position,1
light switch,1
slide switch,1
vehicle lamps,1
vehicle type,1
passenger side door,1
equipment damage,1
vehicle emissions,1
shoulder strap,1
vehicles systems,1
passenger seat backrests,1
vehicle life,1
belt tongue,1
knee airbags,1
latch child restraint fixing systems,1
m button,1
vehicle speeds,1
vehicle economy,1
button assignment,1
glove compartment switches,1
crs,1
switch gas stations,1
passenger seats,1
child seat security,1
synchronizing button,1
menu button,1
vehicle operation,1
vehicle record,1
belt anchors,1
switch settings,1
lock/unlock,1
vehicle representation,1
vehicle defects,1
vehicle tilt,1
relevant button,1
cargo straps,1
locking system locks,1
vehicle systems,1
fixing point,1
vehicle body,1
door opener,1
driver's seat belt,1
vehicle tank,1
equipment package,1
vehicle note,1
