vehicle,304
button,116
equipment,73
accident,49
vehicle equipment,32
selected optional equipment,30
"all standard , country - specific and optional equipment",30
vehicles,27
owner 's manual,26
seat,20
seats,19
head - up display,18
windows,18
doors,17
airbags,17
start / stop button,16
buttons,16
vehicle info,15
door,15
manual transmission,14
vehicle care,14
child restraint fixing system,14
switch,14
vehicle battery,13
head restraint,13
latch child restraint fixing system,13
accidents,11
safety belts,11
backrest,10
front passenger seat,10
vehicle status,10
safety belt,10
glance button,10
belt,10
head restraints,9
universal garage door opener,8
child restraint fixing systems,8
programmable memory buttons,8
onboard vehicle tool kit,7
window,7
through - loading system,7
power windows,7
front passenger airbags,7
road users,7
rocker switch,6
's manual,6
manual mode,6
/ stop button,6
equipment version,5
child seat,5
rear seat backrest,5
vehicle speed,5
head,5
desired button,5
start/ stop button,5
door lock,5
backrest width,5
sos button,4
window defroster,4
vehicle shipment,4
roof - mounted luggage rack,4
vehicle interior,4
control button,4
backrests,4
intelligent safety button,4
front seats,4
switches,4
both vehicles,3
upper retaining strap,3
assisting vehicle,3
user 's authority,3
retaining strap,3
two - wheeled vehicles,3
display owner 's manual,3
auto button,3
integrated owner 's manual,3
safety switch,3
airbag system,3
mounts,3
upper body region,3
rear window defroster,3
airbag,3
lower latch anchors,3
latch plate,3
correctly adjusted head restraint,2
front airbag,2
seating position,2
all backrests,2
rear window,2
vehicle flashes,2
upper body,2
vehicle components,2
remote control button,2
towing vehicle,2
user 's manual,2
left button,2
strap,2
backrest tilt,2
headrest height,2
other vehicle,2
manual transmitter,2
slow moving vehicles,2
vehicle response,2
all occupied seats,2
interior rearview mirror button,2
onboard computer button,2
vehicle stationary,2
button lights,2
belt lock,2
parked vehicle,2
vehicle symbol,2
rear seat,2
new vehicle limited warranty,2
both buttons,2
side windows,2
center safety belt,2
seat heating,2
unlock vehicle,2
rear seat backrests,2
passing vehicles,2
manuals,2
switch - on time,2
lock,2
passenger seat,2
mirror changeover switch,2
seat position,2
manual air distribution,2
windows and glass sunroof,2
hand - held transmitter button,2
left and right button,2
vehicle occupants,2
manual - shift transmission,2
straps,2
glance buttons,2
motor vehicle safety,2
unlock button,2
"front , knee and side airbags",2
upper / lower case letters,1
tilt backrest width,1
buttons parking brake pdc park distance control rearview camera parking assistant surround view,1
vehicle interior data,1
"e.g. , wheel rotation speed/ vehicle speed",1
own vehicle,1
central locking system locks,1
upper and lower case,1
oncoming vehicles,1
entire airbag system,1
undesirable vehicle motion,1
light towing vehicle,1
switch gas stations,1
rear safety belts,1
mount,1
occupied seat cushion,1
rear side windows,1
seat and mirror settings,1
interior rearview mirror buttons,1
vehicle lights,1
upper area,1
press button p,1
crs,1
swerving vehicles,1
vehicle rear,1
res or set button,1
federal motor vehicle safety standard no,1
rear windows,1
vehicle dynamics,1
shoulder belt,1
knee airbags,1
two vehicles,1
back button,1
window condensation,1
context help - owner 's manual,1
vehicle providing assistance,1
separate user 's manual,1
front passenger safety belt,1
upper / lower section,1
flash when lock / unlock,1
front doors,1
latch child restraint fixing systems,1
driver 's seat belt,1
certain vehicle data,1
child seats,1
upper fixing point,1
both latch anchors,1
vehicle safety,1
vehicle tank,1
button assignments,1
airbag restraint system,1
vehicle parts,1
lower and lock head restraints,1
safety belt reminder,1
appropriate pdc equipment,1
light switch,1
similar slow - moving road users,1
"owner 's manual , menu items",1
airbag generator,1
vehicle representation,1
next unlocking and locking cycle,1
mounting child restraint,1
garage door,1
"owner 's manual , equipment",1
lock / unlock,1
"jump - starting , negative terminal vehicle identification number washer fluid reservoir jump - starting , positive terminal engine compartment fuse box ment",1
vehicle placard or tire inflation pressure label,1
belt guide,1
window safety switch power windows exterior mirror operation glove compartment,1
vehicle body,1
when a switch,1
1 .   press buttons,1
heads,1
belt tongue,1
m button,1
middle head restraint,1
travel head restraint,1
also other road users,1
upper and lower case letters,1
vehicle electrical system,1
owner 's manual select,1
vehicle defects,1
five safety belts,1
wheel buttons,1
unattended vehicle,1
front airbags,1
button assignment,1
two preset switch - on times,1
tether,1
stored seat positions,1
vehicle load,1
seat position switch,1
multi - function hook,1
rear passenger seat backrests,1
seat 's area,1
outside door,1
all vehicle systems,1
strap guide,1
bmw vehicles,1
cargo straps,1
synchronizing button,1
switch settings,1
vehicle damage,1
seat and mirror memory,1
excessive loading,1
upper shoulder strap 's anchorage point,1
center head restraint,1
front passenger side door,1
each door,1
long vehicle life,1
special equipment,1
stopped vehicle,1
dsc off buttons,1
mounting snow chains,1
clothes hooks,1
rear : safety switch,1
vehicles general information,1
detected vehicle,1
belt anchors,1
center rear seat belt buckle,1
mounting point cover,1
vehicle symbol flashes,1
vehicle jack,1
electrical equipment,1
all windows,1
equipment package,1
lock and armed alarm system,1
vehicle coast,1
all doors,1
owner 's manual display additional information,1
"e.g. , an accident report",1
programmable memory buttons general information,1
approved vehicle batteries,1
side airbags,1
parked vehicles,1
: 1 .   vehicle,1
individual buttons,1
front passenger head,1
manual shift interventions,1
rubber mount,1
correctly seated person,1
vehicle lamps,1
moderate engine and vehicle speeds,1
user profile,1
vehicle inclination,1
other doors,1
communication owner 's manual,1
shift lock,1
five seats,1
slower vehicle,1
poorly - lit road users,1
vehicle type,1
vehicle emissions,1
locking,1
high - beam assistant roadside parking lamps computer steering wheel buttons,1
integrated side airbags,1
vehicle breakdown,1
last seat position,1
single safety belt,1
safety belt tensioners,1
upper mounting point,1
respective seat,1
lateral loading,1
unstable vehicle conditions,1
following locks,1
function button system,1
relevant button,1
vehicle detection,1
long - term vehicle storage,1
bmw new vehicle limited warranty,1
severe accidents,1
m / s manual mode,1
operating manual,1
slowly moving vehicle,1
knee airbag,1
sport program / manual mode,1
owner 's manual page,1
display user list,1
less severe accidents,1
passenger safety belts,1
vehicle seat,1
hooks / multi - function hook,1
some equipment,1
manual shift transmission,1
rear doors,1
corresponding seat position,1
unlocked rear seat backrest,1
windows open results,1
system 's operating manual,1
vehicle alarm system,1
mounting tires,1
front side windows,1
vehicles systems,1
vehicle date,1
garage door drives,1
tether strap,1
hook,1
window accessories,1
right seat heating,1
current vehicle speed,1
window general information,1
entire vehicle,1
mounting eyes,1
nylon straps,1
dirty belt straps,1
vehicle paint,1
"edr , special equipment",1
"e.g. , vehicle status",1
hooks,1
normal vehicle operation,1
"buttons , arrow",1
mounting eye,1
programmed button,1
vehicle inspection,1
rear backrests,1
mounting point,1
ratchet straps,1
corresponding head restraint,1
isofix child restraint fixing systems,1
vehicle electronics and mobile communication devices,1
multi - function hooks,1
computer button,1
subsequent vehicle start - ups,1
airbag cover panels,1
internal harnesses,1
window defroster air flow auto program temperature seat heating,1
window washer concentrates,1
red button,1
volume button,1
vehicle tilt,1
window 's closing path,1
vehicle batteries,1
passenger airbags,1
child seat security,1
vehicle handling and steering response,1
adult seat occupants,1
belt tensioner,1
severe accident,1
system airbag system,1
tether strap mounting points,1
locking lever,1
press button,1
head airbags,1
four mounted tires,1
seat backrest,1
vehicle control,1
vehicle safety hotline,1
mounting point / eye rear window shelf seat backrest upper retaining strap,1
control button mirror display,1
seat heater,1
vehicle placard,1
back seat,1
vehicle note,1
