vehicle safety;fp
vehicle parts;fp
head-up display;fp
rubber mount;fp
hook;tp
door lock;fp
manual mode;fp
head restraints;tp
mounting point;tp
vehicle identification number;fp
belt;tp
display user list;fp
safety switch;tp
motor vehicle safety;fp
function button;fp
clothes hooks;fp
garage door drives;fp
start/ stop button;fp
rocker switch;fp
passenger door;fp
garage door opener;fp
door pillar;fp
child seats;tp
lock;fp
vehicle storage;fp
equipment version;fp
head airbag;fp
red button;fp
latch plate;fp
airbag restraint system;fp
vehicle inclination;fp
center safety belt;fp
transmitter button;fp
vehicle data;fp
window defroster;fp
safety button;fp
side windows;fp
press buttons;fp
vehicle tow;fp
latch;tp
back button;fp
doors;tp
vehicle control;fp
safety belt reminder;fp
memory buttons;fp
vehicle dynamics;fp
switch;fp
vehicle detection;fp
heads;fp
press button;fp
manual transmission selector lever;fp
belt lock;fp
window condensation;fp
vehicle motion;fp
mirror changeover switch;fp
left button;fp
shoulder belt;fp
head-up;fp
manual;tp
airbag cover panels;fp
locks;fp
knee airbag;fp
locking;fp
belt straps;fp
manual transmission;fp
airbag;tp
passenger safety belt;tp
vehicle conditions;fp
window washer concentrates;fp
vehicle electronics;fp
cruise control rocker switch;fp
ratchet straps;fp
safety belt buckles;fp
window safety switch;fp
display switches;fp
mirror buttons;fp
child restraint fixing system;tp
glance button;fp
computer button;fp
steering wheel buttons;fp
strap guide;tp
button assignments;fp
airbag system;fp
vehicle components;fp
head airbags;fp
start/stop button;fp
harnesses;tp
vehicle placard;fp
vehicle paint;fp
vehicle handling;fp
stop button;fp
volume button;fp
vehicle seat;tp
headrest height;tp
seats;tp
seat;tp
garage door;fp
vehicle shipment;fp
vehicles placard;fp
vehicle load;fp
center head restraint;fp
power windows;fp
vehicle jack;fp
backrests;tp
vehicle alarm system;fp
vehicle lights;fp
vehicle response;fp
vehicle rear;fp
glance buttons;fp
nylon straps;fp
hooks;tp
vehicle damage;fp
tether;tp
head restraint;tp
loading;fp
door;tp
latch child restraint fixing system;tp
belt guide position;tp
light switch;fp
slide switch;fp
vehicle lamps;fp
vehicle type;fp
passenger side door;fp
equipment damage;fp
head;fp
vehicle tool kit;fp
vehicle emissions;fp
shoulder strap;fp
vehicles systems;fp
retaining strap;tp
passenger airbag;tp
passenger airbags;tp
passenger seat backrests;fp
airbags;tp
vehicle life;fp
control button;fp
child restraint fixing systems;tp
manuals;tp
belt tongue;fp
latch anchors;tp
side airbags;tp
backrest;tp
knee airbags;fp
latch child restraint fixing systems;tp
strap;tp
mounts;tp
mirror button;fp
vehicle status;fp
m button;fp
vehicle speeds;fp
child seat;tp
vehicle economy;fp
side airbag;tp
vehicle speed;fp
window;tp
re-press button;fp
equipment;fp
seating position;fp
right button;fp
button assignment;fp
vehicle symbol;fp
glove compartment switches;fp
door handle;fp
crs;tp
remote control button;fp
belt buckle;tp
switch gas stations;fp
passenger seats;tp
straps;tp
child seat security;tp
locking system;fp
passenger seat;tp
belt webbing;tp
synchronizing button;fp
backrest tilt;fp
menu button;fp
vehicle operation;fp
unlock button;fp
vehicle record;fp
belt anchors;fp
switch settings;fp
lock/unlock;fp
button;tp
vehicle representation;fp
switches;fp
vehicle battery;fp
vehicle defects;fp
vehicle tilt;fp
vehicle equipment;tp
safety belt;tp
relevant button;fp
vehicle stationary;fp
cargo straps;fp
windows;tp
buttons;tp
locking system locks;fp
safety belts;tp
window fogging;fp
vehicle systems;fp
fixing point;tp
vehicle body;fp
door opener;fp
driver's seat belt;fp
vehicle tank;fp
equipment package;fp
vehicle interior;fp
backrest width;tp
vehicle note;fp
through-loading system;fn
travel head restraint;fn
upper retaining strap;fn
rear window shelf;fn
upper mounting point;fn
internal harness;fn
headrest;fn
front passenger airbags;fn
seat backrest;fn
mounting point/eye;fn
mounting point cover;fn
back seat;fn
lower latch anchorss;fn
front passenger safety belt;fn
lower latch anchors;fn
rear safety belt;fn
accident;fn
operating and safety information;fn
front passenger seat;fn
rear seat backrest;fn
tether strap;fn
locking lever;fn
mounting eyes;fn
lower anchors and tether for children;fn
user's manual;fn
upper fixing point;fn
rear doors;fn
front, knee and side airbags;fn
