vehicle parts;fp
rubber mount;fp
vehicle dynamics;fp
slowly moving vehicle;fp
onboard computer button;fp
vehicle safety;fp
head restraints;tp
upper/lower section;fp
vehicle identification number;fp
road users;fp
detected vehicle;fp
belt;tp
pdc equipment;fp
display user list;fp
operating manual;fp
five safety belts;fp
mounting child restraint;fp
seat's area;fp
motor vehicle safety;fp
respective seat;fp
e.g., an accident report;fp
interior rearview mirror buttons;fp
clothes hooks;fp
upper and lower case;fp
outside door;fp
equipment version;fp
start/. stop button;fp
latch plate;fp
user's manual;tp
long-term vehicle storage;fp
center safety belt;fp
entire vehicle;fp
manual mode;fp
manual air distribution;fp
central locking system locks;fp
corresponding seat position;fp
moderate engine and vehicle speeds;fp
vehicles;fp
both vehicles;fp
separate user's manual;fp
vehicle control;fp
switch;fp
vehicle detection;fp
heads;fp
mounting point;tp
knee airbags;fp
front doors;fp
mirror changeover switch;fp
remote control button;fp
shoulder belt;fp
rear safety belts;tp
front passenger safety belt;tp
locking;fp
child restraint fixing system;tp
mounts;tp
window's closing path;fp
two-wheeled vehicles;fp
cruise control rocker switch;fp
ratchet straps;fp
seat and mirror settings;fp
front airbags;fp
power windows;fp
belt guide;fp
computer button;fp
strap guide;tp
user's authority;fp
vehicle symbol flashes;fp
airbag generator;fp
multi-function hook;fp
bmw vehicles;fp
last seat position;fp
other doors;fp
vehicle;fp
vehicle paint;fp
manual, menu items;fp
vehicle seat;tp
button assignment;fp
headrest height;tp
swerving vehicles;fp
upper/lower case letters;fp
windows and glass sunroof;fp
center head restraint;fp
front, knee and side airbags;tp
unstable vehicle conditions;fp
backrests;tp
own vehicle;fp
oncoming vehicles;fp
vehicle electrical system;fp
all backrests;fp
glance buttons;fp
user profile;fp
vehicles general information;fp
upper body;fp
rear side windows;fp
vehicle damage;fp
poorly-lit road users;fp
programmable memory buttons;fp
tether;tp
head restraint;tp
adult seat occupants;fp
similar slow-moving road users;fp
other vehicle;fp
latch child restraint fixing system;tp
light switch;fp
upper and lower case letters;fp
airbags;tp
start/stop button;fp
rear seat backrest;tp
stored seat positions;fp
system's operating manual;fp
mounting tires;fp
vehicle equipment;tp
vehicle breakdown;fp
manual-shift transmission;fp
push switch;fp
passenger airbags;tp
switch-on time;fp
normal vehicle operation;fp
control button;fp
child restraint fixing systems;tp
manuals;tp
hooks/multi-function hook;fp
windows;tp
latch anchors;tp
side airbags;tp
latch child restraint fixing systems;tp
strap;tp
front side windows;fp
vehicle batteries;fp
unlock vehicle;fp
side airbag;tp
integrated side airbags;fp
vehicle emissions;fp
equipment;fp
vehicle symbol;fp
stopped vehicle;fp
vehicle date;fp
mounting point/eye;tp
window accessories;fp
child seat security;tp
integrated owner's manual;fp
unattended vehicle;fp
passenger seat;tp
when a switch;fp
assisting vehicle;fp
unlock button;fp
front passenger side door;fp
lower latch anchors;tp
light towing vehicle;fp
backrest tilt;fp
seat position;fp
belt anchors;fp
wheel buttons;fp
vehicle representation;fp
head-up;fp
vehicle battery;fp
hooks;tp
two preset switch;fp
seats;tp
relevant button;fp
all standard, country-specific and optional equipment;fp
manual shift interventions;fp
cargo straps;fp
vehicle load;fp
vehicle handling and steering response;fp
buttons;tp
two vehicles;fp
safety belts;tp
through-loading system;tp
programmed button;fp
e.g., wheel rotation speed/ vehicle speed;fp
multi-function hooks;fp
vehicle tank;fp
rear doors;tp
vehicle interior;fp
forward/backward, height, seat tilt;fp
corresponding head restraint;fp
head-up display;fp
special equipment;fp
upper retaining strap;tp
door lock;fp
upper mounting point;tp
flash when lock/unlock;fp
front passenger airbags;tp
all doors;fp
lateral loading;fp
middle head restraint;fp
each door;fp
mounting snow chains;fp
also other road users;fp
correctly adjusted head restraint;fp
roof-mounted luggage rack;fp
vehicle care;fp
head;fp
m/s manual mode;fp
all occupied seats;fp
electrical equipment;fp
vehicle flashes;fp
garage door drives;fp
start/ stop button;fp
rocker switch;fp
function button;fp
all windows;fp
child seats;tp
lock;fp
locking lever;tp
mounting eyes;tp
vehicle jack;fp
red button;fp
manual shift transmission;fp
door;tp
vehicle note;fp
airbag restraint system;fp
seat heater;fp
vehicle inclination;fp
interior rearview mirror button;fp
tether strap mounting points;fp
rear passenger seat backrests;fp
occupied seat cushion;fp
window defroster;fp
lock and armed alarm system;fp
upper fixing point;tp
rear backrests;fp
front seats;fp
side windows;fp
lock/unlock;fp
press buttons;fp
back button;fp
doors;tp
upper shoulder strap's anchorage point;fp
left and right button;fp
safety belt reminder;fp
seat heating;fp
universal garage door opener;fp
following locks;fp
rear window;fp
press button;fp
manual transmission selector lever;fp
belt lock;fp
excessive loading;fp
rear: safety switch;fp
safety belt tensioners;fp
seat backrest;tp
mounting point cover;tp
back seat;tp
safety button;fp
rear windows;fp
approved vehicle batteries;fp
manual;tp
knee airbag;fp
parked vehicle;fp
manual transmission;fp
airbag;tp
accident;tp
window washer concentrates;fp
dirty belt straps;fp
front passenger seat;tp
upper body region;fp
window safety switch;fp
glance button;fp
manual transmitter;fp
individual buttons;fp
off buttons;fp
context help - owner's manual;fp
button assignments;fp
head-up. display;fp
airbag system;fp
the. sos button;fp
vehicle components;fp
head airbags;fp
straps;tp
parked vehicles;fp
vehicle placard;fp
accidents;tp
volume button;fp
crs;tp
onboard vehicle tool kit;fp
rear window defroster;fp
garage door;fp
vehicle shipment;fp
unlocked rear seat backrest;fp
windows open results;fp
vehicle alarm system;fp
vehicle coast;fp
vehicle lights;fp
vehicle rear;fp
vehicle inspection;fp
nylon straps;fp
seat position switch;fp
manual, equipment;fp
button lights;fp
seat and mirror memory;fp
vehicle electronics and mobile communication devices;fp
passenger safety belts;tp
vehicle stationary;fp
next unlocking and locking cycle;fp
both buttons;fp
internal harnesses;tp
programmable memory buttons general information;fp
single safety belt;fp
buttons, arrow;fp
vehicle type;fp
towing vehicle;fp
vehicle lamps;fp
tether strap;tp
slower vehicle;fp
center rear seat belt buckle;fp
certain vehicle data;fp
four mounted tires;fp
isofix child restraint fixing systems;fp
owner's manual;fp
belt tensioner;fp
vehicle placard or tire inflation pressure label;fp
retaining strap;tp
front airbag;fp
five seats;fp
hook;tp
window general information;fp
passing vehicles;fp
vehicle interior data;fp
mounting eye;tp
e.g., vehicle status;fp
hand-held transmitter button;fp
vehicle response;fp
belt tongue;fp
severe accidents;fp
vehicle status;fp
m button;fp
vehicle occupants;fp
child seat;tp
rear seat backrests;tp
vehicle speed;fp
window;tp
seating position;fp
seat;tp
upper area;fp
long vehicle life;fp
selected optional equipment;fp
left button;fp
switch gas stations;fp
: 1.  vehicle;fp
severe accident;fp
safety belt;tp
owner's manual page;fp
synchronizing button;fp
safety switch;tp
slow moving vehicles;fp
rear seat;fp
switch settings;fp
current vehicle speed;fp
button;tp
airbag cover panels;fp
vehicles systems;fp
switches;fp
window condensation;fp
vehicle providing assistance;fp
less severe accidents;fp
vehicle defects;fp
sport program/manual mode;fp
vehicle tilt;fp
desired button;fp
equipment package;fp
entire airbag system;fp
correctly seated person;fp
backrest;tp
undesirable vehicle motion;fp
all vehicle systems;fp
lower and lock head restraints;fp
vehicle body;fp
driver's seat belt;fp
some equipment;fp
backrest width;tp
subsequent vehicle start-ups;fp
travel head restraint;fn
rear window shelf;fn
headrest;fn
belt buckle;fn
harness;fn
lower latch anchorss;fn
belt guide position;fn
operating and safety information;fn
lower anchors and tether for children;fn
fixing point;fn
belt webbing;fn
latch;fn
