protection;fp
knee;fp
travel;fp
height;fp
accident research;fp
retaining;fp
direction;fp
point/eye;fp
information;fp
latch child restraint fixing systems;tp
back seat;tp
safety;fp
injury;fp
strap;tp
lower;fp
manual;tp
latch child restraint fixing system;tp
outside;fp
position;fp
accordance;fp
belt guide position;tp
size;fp
supports;fp
passenger airbags;tp
adjustment;fp
harnesses;tp
windows;tp
latch;tp
system;fp
child restraint fixing systems;tp
retaining strap;tp
belt buckle;tp
safety belt;tp
systems;fp
backrest;tp
anchors;fp
mounts;tp
passenger safety belt;tp
eye;fp
door;tp
passenger seat;tp
edges;fp
side airbags;tp
head restraints;tp
level;fp
window shelf;fp
belt webbing;tp
vehicle seat;tp
seat;tp
mounting point;tp
crs;tp
child restraint fixing system;tp
rear;fp
covers;fp
child seat;tp
point cover;fp
way;fp
point;fp
safety belts;tp
age;fp
weight;fp
button;tp
latch anchors;tp
operating;fp
effect;fp
memory position;fp
fixing point;tp
points;fp
place;fp
child seat security;tp
lever;fp
functions;fp
backrest width;tp
doors;tp
stability;fp
strap guide;tp
movement;fp
risk;fp
eyes;fp
head restraint;tp
tether;tp
hook;tp
isofix;fp
backrests;tp
width;fp
front;fp
passenger side;fp
child restraint;fp
page;fp
hints;fp
headrest height;tp
gap;fp
angle;fp
safety switch;tp
belt;tp
degree;fp
airbags;tp
lower latch anchorss;fn
headrest;fn
upper retaining strap;fn
seat backrest;fn
lower anchors and tether for children;fn
lower latch anchors;fn
tether strap;fn
travel head restraint;fn
rear window shelf;fn
mounting point cover;fn
front, knee and side airbags;fn
rear safety belt;fn
accident;fn
upper mounting point;fn
vehicle equipment;fn
mounting point/eye;fn
mounting eyes;fn
user's manual;fn
rear doors;fn
rear seat backrest;fn
operating and safety information;fn
front passenger seat;fn
internal harness;fn
through-loading system;fn
front passenger safety belt;fn
upper fixing point;fn
locking lever;fn
front passenger airbags;fn
